,taxon,area,date,period,sample_size,variant,count,nobs,frequency,frequency_ci_low,frequency_ci_upp,frequency_error,frequency_error_minus,populations,location_1,location
0,arabiensis,Gama,2022-01-01,2022,8,AGAP001356 (ACE1) amp,0,8,0.0,0.0,0.32440756488388034,0.0,0.0,Gama_arab_2022,Gama (n=8),Gama
1,arabiensis,Nagare,2022-01-01,2022,9,AGAP001356 (ACE1) amp,0,9,0.0,2.7755575615628914e-17,0.29914504841954415,0.0,-2.7755575615628914e-17,Naga_arab_2022,Naga (n=9),Naga
2,arabiensis,Nassan,2022-01-01,2022,11,AGAP001356 (ACE1) amp,0,11,0.0,0.0,0.2588329669680318,0.0,0.0,Nass_arab_2022,Nass (n=11),Nass
3,arabiensis,Ouro-Hesso,2022-01-01,2022,8,AGAP001356 (ACE1) amp,0,8,0.0,0.0,0.32440756488388034,0.0,0.0,Ouro_arab_2022,Ouro (n=8),Ouro
4,arabiensis,Po-Dongo,2022-01-01,2022,10,AGAP001356 (ACE1) amp,0,10,0.0,0.0,0.27753279986288926,0.0,0.0,Po-D_arab_2022,Po-D (n=10),Po-D
5,coluzzii,Bana Village,2022-01-01,2022,73,AGAP001356 (ACE1) amp,0,73,0.0,0.0,0.04999200795573113,0.0,0.0,Bana_colu_2022,Bana (n=73),Bana
6,coluzzii,Gama,2022-01-01,2022,37,AGAP001356 (ACE1) amp,1,37,0.02702702702702703,0.004786974451940429,0.1382406986373052,0.02665929523870659,0.0222400525750866,Gama_colu_2022,Gama (n=37),Gama
7,coluzzii,Nagare,2022-01-01,2022,94,AGAP001356 (ACE1) amp,4,94,0.0425531914893617,0.01667054815004272,0.10435645781881737,0.02081898105489709,0.02588264333931898,Naga_colu_2022,Naga (n=94),Naga
8,coluzzii,Nassan,2022-01-01,2022,28,AGAP001356 (ACE1) amp,0,28,0.0,1.3877787807814457e-17,0.12064330476584569,0.0,-1.3877787807814457e-17,Nass_colu_2022,Nass (n=28),Nass
9,coluzzii,Ouro-Hesso,2022-01-01,2022,55,AGAP001356 (ACE1) amp,0,55,0.0,0.0,0.06528490111708639,0.0,0.0,Ouro_colu_2022,Ouro (n=55),Ouro
10,coluzzii,Po-Dongo,2022-01-01,2022,19,AGAP001356 (ACE1) amp,0,19,0.0,1.3877787807814457e-17,0.16817922405261632,0.0,-1.3877787807814457e-17,Po-D_colu_2022,Po-D (n=19),Po-D
11,coluzzii,Sideradougou,2022-01-01,2022,7,AGAP001356 (ACE1) amp,0,7,0.0,2.7755575615628914e-17,0.3543304350666875,0.0,-2.7755575615628914e-17,Side_colu_2022,Side (n=7),Side
12,coluzzii,Souroukoudinga,2022-01-01,2022,26,AGAP001356 (ACE1) amp,2,26,0.07692307692307693,0.0213550884722762,0.24141553771629065,0.05225894003744288,0.05556798845080073,Sour_colu_2022,Sour (n=26),Sour
13,gambiae,Degue-Degue,2022-01-01,2022,5,AGAP001356 (ACE1) amp,1,5,0.2,0.036224108632430196,0.6244653702374748,0.1788854381999832,0.16377589136756981,Degu_gamb_2022,Degu (n=5),Degu
14,gambiae,Gama,2022-01-01,2022,24,AGAP001356 (ACE1) amp,3,24,0.125,0.04344334080123441,0.31003881270500083,0.06750771560841522,0.08155665919876559,Gama_gamb_2022,Gama (n=24),Gama
15,gambiae,Nagare,2022-01-01,2022,13,AGAP001356 (ACE1) amp,3,13,0.23076923076923078,0.08179528718498563,0.502563759467275,0.11685454235580768,0.14897394358424515,Naga_gamb_2022,Naga (n=13),Naga
16,gambiae,Po-Dongo,2022-01-01,2022,18,AGAP001356 (ACE1) amp,5,18,0.2777777777777778,0.12499753379553993,0.5087265656029747,0.10557179862029056,0.15278024398223786,Po-D_gamb_2022,Po-D (n=18),Po-D
17,gambiae,Sideradougou,2022-01-01,2022,22,AGAP001356 (ACE1) amp,6,22,0.2727272727272727,0.13150760287989469,0.4815173401240239,0.09495144870310791,0.14121966984737802,Side_gamb_2022,Side (n=22),Side
18,gambiae,Souroukoudinga,2022-01-01,2022,6,AGAP001356 (ACE1) amp,2,6,0.3333333333333333,0.09677141110578041,0.700006684861608,0.19245008972987526,0.2365619222275529,Sour_gamb_2022,Sour (n=6),Sour
0,arabiensis,Gama,2022-01-01,2022,13,"G280S (2R:3,492,074 G>A)",0,26,0.0,0.0,0.12872892185921536,0.0,0.0,Gama_arab_2022,Gama (n=13),Gama
1,arabiensis,Nagare,2022-01-01,2022,9,"G280S (2R:3,492,074 G>A)",0,18,0.0,1.3877787807814457e-17,0.1758792236466577,0.0,-1.3877787807814457e-17,Naga_arab_2022,Naga (n=9),Naga
2,arabiensis,Nassan,2022-01-01,2022,13,"G280S (2R:3,492,074 G>A)",0,26,0.0,0.0,0.12872892185921536,0.0,0.0,Nass_arab_2022,Nass (n=13),Nass
3,arabiensis,Ouro-Hesso,2022-01-01,2022,10,"G280S (2R:3,492,074 G>A)",0,20,0.0,0.0,0.1611251580528194,0.0,0.0,Ouro_arab_2022,Ouro (n=10),Ouro
4,arabiensis,Po-Dongo,2022-01-01,2022,11,"G280S (2R:3,492,074 G>A)",0,22,0.0,0.0,0.14865487460862095,0.0,0.0,Po-D_arab_2022,Po-D (n=11),Po-D
5,arabiensis,Sideradougou,2022-01-01,2022,8,"G280S (2R:3,492,074 G>A)",0,16,0.0,0.0,0.19360768053443655,0.0,0.0,Side_arab_2022,Side (n=8),Side
6,arabiensis,Souroukoudinga,2022-01-01,2022,7,"G280S (2R:3,492,074 G>A)",0,14,0.0,2.7755575615628914e-17,0.21531080273763586,0.0,-2.7755575615628914e-17,Sour_arab_2022,Sour (n=7),Sour
7,coluzzii,Bana Village,2022-01-01,2022,120,"G280S (2R:3,492,074 G>A)",0,240,0.0,0.0,0.015753919941558822,0.0,0.0,Bana_colu_2022,Bana (n=120),Bana
8,coluzzii,Gama,2022-01-01,2022,39,"G280S (2R:3,492,074 G>A)",1,78,0.01282051282051282,0.0022667317538337395,0.06910857001702225,0.018014344193057537,0.01055378106667908,Gama_colu_2022,Gama (n=39),Gama
9,coluzzii,Nagare,2022-01-01,2022,100,"G280S (2R:3,492,074 G>A)",5,200,0.025,0.01072471965176126,0.05717834040664199,0.015612494995995997,0.014275280348238741,Naga_colu_2022,Naga (n=100),Naga
10,coluzzii,Nassan,2022-01-01,2022,32,"G280S (2R:3,492,074 G>A)",0,64,0.0,0.0,0.05662405979280536,0.0,0.0,Nass_colu_2022,Nass (n=32),Nass
11,coluzzii,Ouro-Hesso,2022-01-01,2022,61,"G280S (2R:3,492,074 G>A)",0,122,0.0,0.0,0.03052617838901288,0.0,0.0,Ouro_colu_2022,Ouro (n=61),Ouro
12,coluzzii,Po-Dongo,2022-01-01,2022,20,"G280S (2R:3,492,074 G>A)",0,40,0.0,0.0,0.08762160119728668,0.0,0.0,Po-D_colu_2022,Po-D (n=20),Po-D
13,coluzzii,Sideradougou,2022-01-01,2022,10,"G280S (2R:3,492,074 G>A)",0,20,0.0,0.0,0.1611251580528194,0.0,0.0,Side_colu_2022,Side (n=10),Side
14,coluzzii,Souroukoudinga,2022-01-01,2022,61,"G280S (2R:3,492,074 G>A)",2,122,0.01639344262295082,0.0045072466135954725,0.05780495871348257,0.016258514874769335,0.011886196009355348,Sour_colu_2022,Sour (n=61),Sour
15,gambiae,Degue-Degue,2022-01-01,2022,5,"G280S (2R:3,492,074 G>A)",1,10,0.1,0.017876213095072924,0.40415002679523854,0.1341640786499874,0.08212378690492708,Degu_gamb_2022,Degu (n=5),Degu
16,gambiae,Gama,2022-01-01,2022,27,"G280S (2R:3,492,074 G>A)",4,54,0.07407407407407407,0.02918152776550481,0.1755411583859995,0.05040102351405716,0.04489254630856926,Gama_gamb_2022,Gama (n=27),Gama
17,gambiae,Nagare,2022-01-01,2022,13,"G280S (2R:3,492,074 G>A)",3,26,0.11538461538461539,0.040032446236106134,0.28975903211713644,0.0886093439755736,0.07535216914850926,Naga_gamb_2022,Naga (n=13),Naga
18,gambiae,Po-Dongo,2022-01-01,2022,18,"G280S (2R:3,492,074 G>A)",5,36,0.1388888888888889,0.06081815009132838,0.28659530389356214,0.08151304102619912,0.07807073879756052,Po-D_gamb_2022,Po-D (n=18),Po-D
19,gambiae,Sideradougou,2022-01-01,2022,26,"G280S (2R:3,492,074 G>A)",9,52,0.17307692307692307,0.09382474391310203,0.297308641244808,0.0741934326803276,0.07925217916382105,Side_gamb_2022,Side (n=26),Side
20,gambiae,Souroukoudinga,2022-01-01,2022,16,"G280S (2R:3,492,074 G>A)",5,32,0.15625,0.0686442028250571,0.317541495975304,0.09077304717673633,0.0876057971749429,Sour_gamb_2022,Sour (n=16),Sour
