,gene_id,gene_name,cnv_type,gene_strand,gene_description,contig,start,end,frq_Bana_col_2022,frq_Sour_col_2022,frq_Sour_gam_2022,frq_Nass_col_2022,frq_Nass_ara_2022,frq_Side_col_2022,frq_Side_gam_2022,frq_Degu_gam_2022,frq_Po-D_ara_2022,frq_Po-D_gam_2022,frq_Po-D_col_2022,frq_Gama_ara_2022,frq_Gama_col_2022,frq_Gama_gam_2022,frq_Ouro_col_2022,frq_Ouro_ara_2022,frq_Naga_gam_2022,frq_Naga_col_2022,frq_Naga_ara_2022,max_af,windows,label
0,AGAP000163,GSTMS2,del,-,glutathione transferase microsomal 2 [Source:VB Community Annotation],X,2843996,2846441,0.0410958904109589,0.0,0.0,0.0,0.0,0.0,0.045454545454545456,0.0,0.0,0.0,0.0,0.0,0.0,0.0,0.0,0.0,0.0,0.0,0.0,0.045454545454545456,10,AGAP000163 (GSTMS2) del
1,AGAP000165,GSTMS1,del,-,glutathione transferase microsomal 1 [Source:VB Community Annotation],X,2849321,2851042,0.0547945205479452,0.0,0.0,0.0,0.0,0.14285714285714285,0.045454545454545456,0.0,0.0,0.0,0.0,0.0,0.0,0.0,0.0,0.0,0.0,0.0,0.0,0.14285714285714285,7,AGAP000165 (GSTMS1) del
2,AGAP000761,GSTT1,amp,-,glutathione S-transferase theta class 1 [Source:VB Community Annotation],X,13784275,13785443,0.0136986301369863,0.038461538461538464,0.0,0.14285714285714285,0.0,0.14285714285714285,0.0,0.0,0.0,0.16666666666666666,0.05263157894736842,0.0,0.1891891891891892,0.16666666666666666,0.05454545454545454,0.0,0.07692307692307693,0.02127659574468085,0.0,0.1891891891891892,5,AGAP000761 (GSTT1) amp
3,AGAP000888,GSTT2,amp,-,glutathione S-transferase theta class 2 [Source:VB Community Annotation],X,16746634,16747763,0.0,0.0,0.0,0.14285714285714285,0.2727272727272727,0.0,0.0,0.0,0.2,0.05555555555555555,0.0,0.25,0.13513513513513514,0.125,0.18181818181818182,0.25,0.15384615384615385,0.02127659574468085,0.4444444444444444,0.4444444444444444,4,AGAP000888 (GSTT2) amp
4,AGAP000888,GSTT2,del,-,glutathione S-transferase theta class 2 [Source:VB Community Annotation],X,16746634,16747763,0.0684931506849315,0.0,0.0,0.0,0.0,0.0,0.09090909090909091,0.0,0.0,0.0,0.0,0.0,0.0,0.0,0.0,0.0,0.0,0.0,0.0,0.09090909090909091,4,AGAP000888 (GSTT2) del
7,AGAP000947,GSTU1,amp,-,glutathione S-transferase unclassified 1 [Source:VB Community Annotation],X,18315337,18316465,0.0,0.0,0.0,0.0,0.0,0.0,0.0,0.0,0.0,0.0,0.0,0.0,0.0,0.0,0.0,0.125,0.0,0.0,0.1111111111111111,0.125,4,AGAP000947 (GSTU1) amp
8,AGAP000947,GSTU1,del,-,glutathione S-transferase unclassified 1 [Source:VB Community Annotation],X,18315337,18316465,0.0410958904109589,0.038461538461538464,0.16666666666666666,0.0,0.0,0.0,0.09090909090909091,0.2,0.0,0.0,0.0,0.0,0.0,0.0,0.0,0.0,0.0,0.0,0.0,0.2,4,AGAP000947 (GSTU1) del
12,AGAP004164,GSTD1-4,del,+,glutathione S-transferase delta class 1 [Source:VB Community Annotation],2R,50997215,51001446,0.0136986301369863,0.0,0.0,0.0,0.0,0.0,0.0,0.0,0.0,0.0,0.0,0.0,0.0,0.0,0.0,0.0,0.0,0.0,0.0,0.0136986301369863,15,AGAP004164 (GSTD1-4) del
13,AGAP004165,GSTD2,amp,+,glutathione S-transferase delta class 2 [Source:VB Community Annotation],2R,51003621,51004250,0.0136986301369863,0.0,0.0,0.0,0.0,0.0,0.0,0.0,0.0,0.0,0.0,0.0,0.0,0.0,0.0,0.0,0.0,0.0,0.0,0.0136986301369863,3,AGAP004165 (GSTD2) amp
14,AGAP004171,GSTD8,amp,-,glutathione S-transferase delta class 8 [Source:VB Community Annotation],2R,51215221,51215969,0.0410958904109589,0.15384615384615385,0.16666666666666666,0.0,0.0,0.0,0.13636363636363635,0.0,0.0,0.0,0.0,0.0,0.0,0.0,0.01818181818181818,0.0,0.0,0.0,0.0,0.16666666666666666,3,AGAP004171 (GSTD8) amp
15,AGAP004172,GSTD9,amp,-,glutathione S-transferase delta class 9 [Source:VB Community Annotation],2R,51216222,51216872,0.0273972602739726,0.11538461538461539,0.16666666666666666,0.0,0.0,0.0,0.13636363636363635,0.0,0.0,0.0,0.0,0.0,0.0,0.0,0.01818181818181818,0.0,0.0,0.0,0.0,0.16666666666666666,3,AGAP004172 (GSTD9) amp
16,AGAP004173,GSTD5,amp,+,glutathione S-transferase delta class 5 [Source:VB Community Annotation],2R,51217666,51218384,0.0,0.0,0.0,0.0,0.0,0.0,0.0,0.0,0.0,0.0,0.0,0.0,0.0,0.0,0.01818181818181818,0.0,0.0,0.0,0.0,0.01818181818181818,3,AGAP004173 (GSTD5) amp
17,AGAP004173,GSTD5,del,+,glutathione S-transferase delta class 5 [Source:VB Community Annotation],2R,51217666,51218384,0.684931506849315,0.5384615384615384,1.0,0.7142857142857143,1.0,0.7142857142857143,1.0,1.0,1.0,1.0,0.5789473684210527,1.0,0.7027027027027027,1.0,0.6727272727272727,1.0,1.0,0.648936170212766,1.0,1.0,3,AGAP004173 (GSTD5) del
18,AGAP004380,GSTD12,del,-,glutathione S-transferase delta class 12 [Source:VB Community Annotation],2R,55504530,55505364,0.0410958904109589,0.07692307692307693,0.0,0.0,0.0,0.14285714285714285,0.0,0.0,0.0,0.0,0.05263157894736842,0.0,0.10810810810810811,0.041666666666666664,0.07272727272727272,0.0,0.0,0.1702127659574468,0.0,0.1702127659574468,3,AGAP004380 (GSTD12) del
19,AGAP004381,GSTD4,del,-,glutathione S-transferase delta class 4 [Source:VB Community Annotation],2R,55505659,55506534,0.0410958904109589,0.07692307692307693,0.0,0.0,0.0,0.14285714285714285,0.0,0.0,0.0,0.0,0.05263157894736842,0.0,0.10810810810810811,0.041666666666666664,0.07272727272727272,0.0,0.0,0.1595744680851064,0.0,0.1595744680851064,4,AGAP004381 (GSTD4) del
20,AGAP004382,GSTD3,del,-,glutathione S-transferase delta class 3 [Source:VB Community Annotation],2R,55509263,55510160,0.0,0.07692307692307693,0.0,0.0,0.0,0.0,0.0,0.0,0.0,0.0,0.0,0.0,0.0,0.0,0.0,0.0,0.0,0.0,0.0,0.07692307692307693,4,AGAP004382 (GSTD3) del
21,AGAP004383,GSTD10,amp,-,glutathione S-transferase delta class 10 [Source:VB Community Annotation],2R,55513083,55513848,0.0,0.0,0.0,0.0,0.0,0.0,0.0,0.0,0.0,0.0,0.0,0.0,0.02702702702702703,0.0,0.01818181818181818,0.0,0.0,0.02127659574468085,0.0,0.02702702702702703,4,AGAP004383 (GSTD10) amp
22,AGAP004383,GSTD10,del,-,glutathione S-transferase delta class 10 [Source:VB Community Annotation],2R,55513083,55513848,0.0136986301369863,0.0,0.0,0.0,0.0,0.0,0.0,0.0,0.0,0.0,0.0,0.0,0.0,0.0,0.01818181818181818,0.0,0.07692307692307693,0.0,0.0,0.07692307692307693,4,AGAP004383 (GSTD10) del
23,AGAP005749,GSTO1,amp,-,glutathione S-transferase omega class 1 [Source:VB Community Annotation],2L,20197176,20199146,0.0,0.0,0.0,0.03571428571428571,0.0,0.0,0.0,0.0,0.0,0.0,0.0,0.0,0.02702702702702703,0.041666666666666664,0.0,0.0,0.0,0.0,0.0,0.041666666666666664,8,AGAP005749 (GSTO1) amp
24,AGAP009190,GSTE8,amp,-,Glutathione S-transferase epsilon class 8 [Source:UniProtKB/TrEMBL;Acc:A0A1S4H148],3R,28590243,28592545,0.0,0.0,0.0,0.0,0.0,0.0,0.0,0.0,0.0,0.0,0.0,0.0,0.0,0.041666666666666664,0.0,0.0,0.0,0.0,0.0,0.041666666666666664,9,AGAP009190 (GSTE8) amp
25,AGAP009191,GSTE6,amp,+,glutathione S-transferase epsilon class 6 [Source:VB Community Annotation],3R,28593714,28594762,0.0,0.0,0.0,0.0,0.0,0.0,0.0,0.0,0.0,0.0,0.0,0.0,0.0,0.041666666666666664,0.0,0.0,0.0,0.0,0.0,0.041666666666666664,4,AGAP009191 (GSTE6) amp
26,AGAP009192,GSTE5,amp,-,glutathione S-transferase epsilon class 5 [Source:VB Community Annotation],3R,28594993,28595802,0.0,0.0,0.0,0.0,0.0,0.0,0.0,0.0,0.0,0.0,0.0,0.0,0.0,0.041666666666666664,0.0,0.0,0.0,0.0,0.0,0.041666666666666664,4,AGAP009192 (GSTE5) amp
27,AGAP009192,GSTE5,del,-,glutathione S-transferase epsilon class 5 [Source:VB Community Annotation],3R,28594993,28595802,0.0,0.0,0.0,0.0,0.09090909090909091,0.0,0.0,0.0,0.0,0.0,0.0,0.0,0.0,0.0,0.0,0.0,0.0,0.0,0.0,0.09090909090909091,4,AGAP009192 (GSTE5) del
28,AGAP009193,GSTE4,amp,-,glutathione S-transferase epsilon class 4 [Source:VB Community Annotation],3R,28595948,28596868,0.0,0.0,0.0,0.0,0.0,0.0,0.0,0.0,0.0,0.0,0.0,0.0,0.0,0.041666666666666664,0.03636363636363636,0.0,0.0,0.010638297872340425,0.0,0.041666666666666664,4,AGAP009193 (GSTE4) amp
29,AGAP009193,GSTE4,del,-,glutathione S-transferase epsilon class 4 [Source:VB Community Annotation],3R,28595948,28596868,0.0,0.0,0.0,0.0,0.09090909090909091,0.0,0.0,0.0,0.0,0.0,0.0,0.0,0.0,0.0,0.0,0.0,0.0,0.0,0.1111111111111111,0.1111111111111111,4,AGAP009193 (GSTE4) del
30,AGAP009194,GSTE2,amp,-,glutathione S-transferase epsilon class 2 [Source:VB Community Annotation],3R,28597652,28598640,0.0136986301369863,0.0,0.0,0.10714285714285714,0.2727272727272727,0.14285714285714285,0.0,0.0,0.5,0.0,0.10526315789473684,0.375,0.16216216216216217,0.0,0.3090909090909091,0.125,0.0,0.0851063829787234,0.5555555555555556,0.5555555555555556,4,AGAP009194 (GSTE2) amp
31,AGAP009195,GSTE1,amp,-,glutathione S-transferase epsilon class 1 [Source:VB Community Annotation],3R,28598871,28599816,0.0,0.0,0.0,0.0,0.2727272727272727,0.14285714285714285,0.0,0.0,0.5,0.0,0.05263157894736842,0.25,0.02702702702702703,0.0,0.01818181818181818,0.125,0.0,0.0,0.5555555555555556,0.5555555555555556,4,AGAP009195 (GSTE1) amp
32,AGAP009196,GSTE7,amp,+,glutathione S-transferase epsilon class 7 [Source:VB Community Annotation],3R,28600347,28601354,0.0,0.0,0.0,0.0,0.0,0.14285714285714285,0.0,0.0,0.0,0.0,0.05263157894736842,0.0,0.02702702702702703,0.0,0.01818181818181818,0.0,0.0,0.0,0.0,0.14285714285714285,4,AGAP009196 (GSTE7) amp
33,AGAP009197,GSTE3,amp,-,glutathione S-transferase epsilon class 3 [Source:VB Community Annotation],3R,28601368,28602280,0.0,0.0,0.0,0.0,0.0,0.14285714285714285,0.0,0.0,0.0,0.0,0.05263157894736842,0.0,0.02702702702702703,0.0,0.01818181818181818,0.0,0.0,0.0,0.0,0.14285714285714285,4,AGAP009197 (GSTE3) amp
34,AGAP009342,GSTU3,amp,+,glutathione S-transferase unclassified 3 [Source:VB Community Annotation],3R,31556477,31558957,0.0273972602739726,0.0,0.0,0.03571428571428571,0.09090909090909091,0.0,0.0,0.0,0.0,0.05555555555555555,0.0,0.0,0.02702702702702703,0.041666666666666664,0.0,0.125,0.0,0.0,0.1111111111111111,0.125,9,AGAP009342 (GSTU3) amp
35,AGAP009946,GSTMS3,amp,+,glutathione transferase microsomal 3 [Source:VB Community Annotation],3R,45853445,45854470,0.0,0.0,0.0,0.0,0.0,0.0,0.0,0.0,0.0,0.0,0.0,0.0,0.0,0.0,0.0,0.0,0.0,0.010638297872340425,0.0,0.010638297872340425,5,AGAP009946 (GSTMS3) amp
36,AGAP009946,GSTMS3,del,+,glutathione transferase microsomal 3 [Source:VB Community Annotation],3R,45853445,45854470,0.0273972602739726,0.0,0.0,0.0,0.09090909090909091,0.14285714285714285,0.0,0.0,0.0,0.0,0.05263157894736842,0.0,0.08108108108108109,0.0,0.01818181818181818,0.0,0.0,0.0,0.0,0.14285714285714285,5,AGAP009946 (GSTMS3) del
37,AGAP010404,GSTS1,del,-,glutathione S-transferase sigma class 1 [Source:VB Community Annotation],3L,2779074,2784473,0.2191780821917808,0.15384615384615385,0.0,0.0,0.0,0.0,0.2727272727272727,0.0,0.0,0.0,0.0,0.0,0.0,0.0,0.0,0.0,0.0,0.010638297872340425,0.0,0.2727272727272727,19,AGAP010404 (GSTS1) del
